Region,Crop,Year,Production_Tonnes,Population
Region_A,Wheat,2018,94072,547753
Region_A,Wheat,2018,102346,284587
Region_A,Wheat,2018,95986,189121
Region_A,Wheat,2018,148110,619744
Region_A,Wheat,2018,11171,205497
Region_A,Wheat,2018,83156,575558
Region_A,Wheat,2018,117022,334330
Region_A,Wheat,2018,105788,897368
Region_A,Wheat,2018,37697,353577
Region_A,Wheat,2018,27039,70244
Region_A,Wheat,2019,15084,419886
Region_A,Wheat,2019,27360,1000000
Region_A,Wheat,2019,23385,1000000
Region_A,Wheat,2019,123041,163876
Region_A,Wheat,2019,90811,64189
Region_A,Wheat,2019,500,687152
Region_A,Wheat,2019,23914,763350
Region_A,Wheat,2019,70149,236845
Region_A,Wheat,2019,22738,671897
Region_A,Wheat,2019,6907,545651
Region_A,Wheat,2020,600,1000000
Region_A,Wheat,2020,600,1000000
Region_A,Wheat,2020,600,1000000
Region_A,Wheat,2020,600,1000000
Region_A,Wheat,2020,600,1000000
Region_A,Wheat,2020,600,1000000
Region_A,Wheat,2020,600,1000000
Region_A,Wheat,2020,600,1000000
Region_A,Wheat,2020,600,1000000
Region_A,Wheat,2020,600,1000000
Region_A,Wheat,2021,20509,1000000
Region_A,Wheat,2021,17856,985444
Region_A,Wheat,2021,4172,646747
Region_A,Wheat,2021,152902,453790
Region_A,Wheat,2021,87029,689050
Region_A,Wheat,2021,157389,242700
Region_A,Wheat,2021,12165,1000000
Region_A,Wheat,2021,150065,784691
Region_A,Wheat,2021,75134,820639
Region_A,Wheat,2021,124985,514274
Region_A,Wheat,2022,124436,376988
Region_A,Wheat,2022,146323,474610
Region_A,Wheat,2022,21379,542235
Region_A,Wheat,2022,143940,974268
Region_A,Wheat,2022,202649,941498
Region_A,Wheat,2022,26435,858627
Region_A,Wheat,2022,105072,641581
Region_A,Wheat,2022,128692,406980
Region_A,Wheat,2022,127518,947191
Region_A,Wheat,2022,167355,267679
Region_A,Rice,2018,273480,650298
Region_A,Rice,2018,17133,528583
Region_A,Rice,2018,182145,468547
Region_A,Rice,2018,92625,529957
Region_A,Rice,2018,33409,360711
Region_A,Rice,2018,14077,239145
Region_A,Rice,2018,13604,603371
Region_A,Rice,2018,160454,114378
Region_A,Rice,2018,89777,112559
Region_A,Rice,2018,161810,437461
Region_A,Rice,2019,105303,384246
Region_A,Rice,2019,79079,874107
Region_A,Rice,2019,123358,924212
Region_A,Rice,2019,51238,69865
Region_A,Rice,2019,13569,512874
Region_A,Rice,2019,9937,1000000
Region_A,Rice,2019,208995,123675
Region_A,Rice,2019,108541,318130
Region_A,Rice,2019,17859,354442
Region_A,Rice,2019,23626,204091
Region_A,Rice,2020,600,1000000
Region_A,Rice,2020,600,1000000
Region_A,Rice,2020,600,1000000
Region_A,Rice,2020,600,1000000
Region_A,Rice,2020,600,1000000
Region_A,Rice,2020,600,1000000
Region_A,Rice,2020,600,1000000
Region_A,Rice,2020,600,1000000
Region_A,Rice,2020,600,1000000
Region_A,Rice,2020,600,1000000
Region_A,Rice,2021,81927,129793
Region_A,Rice,2021,23687,1000000
Region_A,Rice,2021,23941,1000000
Region_A,Rice,2021,101214,496877
Region_A,Rice,2021,124155,320143
Region_A,Rice,2021,24313,1000000
Region_A,Rice,2021,21243,833495
Region_A,Rice,2021,146193,213611
Region_A,Rice,2021,140015,209428
Region_A,Rice,2021,127826,438785
Region_A,Rice,2022,105811,663139
Region_A,Rice,2022,138905,72352
Region_A,Rice,2022,64357,133776
Region_A,Rice,2022,118636,442530
Region_A,Rice,2022,89673,933941
Region_A,Rice,2022,130549,847311
Region_A,Rice,2022,9686,247241
Region_A,Rice,2022,129485,54597
Region_A,Rice,2022,237541,323535
Region_A,Rice,2022,136037,130907
Region_A,Maize,2018,78158,227184
Region_A,Maize,2018,57808,141958
Region_A,Maize,2018,177004,847500
Region_A,Maize,2018,166167,551943
Region_A,Maize,2018,13212,357809
Region_A,Maize,2018,27439,881057
Region_A,Maize,2018,22360,484920
Region_A,Maize,2018,27427,460556
Region_A,Maize,2018,26145,810334
Region_A,Maize,2018,7064,723024
Region_A,Maize,2019,22770,437547
Region_A,Maize,2019,93179,175617
Region_A,Maize,2019,108335,205685
Region_A,Maize,2019,115015,198545
Region_A,Maize,2019,122908,421674
Region_A,Maize,2019,132518,258069
Region_A,Maize,2019,136105,958124
Region_A,Maize,2019,76018,942519
Region_A,Maize,2019,5210,349417
Region_A,Maize,2019,205374,585052
Region_A,Maize,2020,600,1000000
Region_A,Maize,2020,600,1000000
Region_A,Maize,2020,600,1000000
Region_A,Maize,2020,600,1000000
Region_A,Maize,2020,600,1000000
Region_A,Maize,2020,600,1000000
Region_A,Maize,2020,600,1000000
Region_A,Maize,2020,600,1000000
Region_A,Maize,2020,600,1000000
Region_A,Maize,2020,600,1000000
Region_A,Maize,2021,147702,273400
Region_A,Maize,2021,8320,851652
Region_A,Maize,2021,11859,913308
Region_A,Maize,2021,26950,716373
Region_A,Maize,2021,78132,459980
Region_A,Maize,2021,158706,949714
Region_A,Maize,2021,138127,156609
Region_A,Maize,2021,20604,443408
Region_A,Maize,2021,500,122368
Region_A,Maize,2021,169863,73522
Region_A,Maize,2022,104050,76623
Region_A,Maize,2022,7569,1000000
Region_A,Maize,2022,20764,825128
Region_A,Maize,2022,16731,1000000
Region_A,Maize,2022,92186,938186
Region_A,Maize,2022,15351,293633
Region_A,Maize,2022,24048,1000000
Region_A,Maize,2022,161939,645786
Region_A,Maize,2022,159117,331200
Region_A,Maize,2022,131267,744185
Region_B,Wheat,2018,86710,62497
Region_B,Wheat,2018,85878,1000000
Region_B,Wheat,2018,75699,854633
Region_B,Wheat,2018,133297,629661
Region_B,Wheat,2018,180297,937101
Region_B,Wheat,2018,155468,83796
Region_B,Wheat,2018,96772,684006
Region_B,Wheat,2018,197076,655007
Region_B,Wheat,2018,186236,723729
Region_B,Wheat,2018,175046,333823
Region_B,Wheat,2019,64091,325188
Region_B,Wheat,2019,72389,1000000
Region_B,Wheat,2019,70704,286383
Region_B,Wheat,2019,108437,877212
Region_B,Wheat,2019,218343,235261
Region_B,Wheat,2019,94058,524860
Region_B,Wheat,2019,92117,391097
Region_B,Wheat,2019,131925,974469
Region_B,Wheat,2019,161387,916647
Region_B,Wheat,2019,36753,916558
Region_B,Wheat,2020,117619,216084
Region_B,Wheat,2020,111057,606035
Region_B,Wheat,2020,201148,735365
Region_B,Wheat,2020,138928,366126
Region_B,Wheat,2020,96012,851562
Region_B,Wheat,2020,147666,308133
Region_B,Wheat,2020,145609,290213
Region_B,Wheat,2020,90200,135687
Region_B,Wheat,2020,165804,255454
Region_B,Wheat,2020,106331,841448
Region_B,Wheat,2021,6000,1000000
Region_B,Wheat,2021,6000,1000000
Region_B,Wheat,2021,6000,1000000
Region_B,Wheat,2021,6000,1000000
Region_B,Wheat,2021,6000,1000000
Region_B,Wheat,2021,6000,1000000
Region_B,Wheat,2021,6000,1000000
Region_B,Wheat,2021,6000,1000000
Region_B,Wheat,2021,6000,1000000
Region_B,Wheat,2021,6000,1000000
Region_B,Wheat,2022,119061,867185
Region_B,Wheat,2022,160349,203497
Region_B,Wheat,2022,163280,222461
Region_B,Wheat,2022,84135,1000000
Region_B,Wheat,2022,253561,441829
Region_B,Wheat,2022,66671,550225
Region_B,Wheat,2022,91585,512887
Region_B,Wheat,2022,148636,684828
Region_B,Wheat,2022,203290,538685
Region_B,Wheat,2022,89442,722849
Region_B,Rice,2018,94570,1000000
Region_B,Rice,2018,74167,362950
Region_B,Rice,2018,270868,665207
Region_B,Rice,2018,136848,52402
Region_B,Rice,2018,95873,153703
Region_B,Rice,2018,141097,934127
Region_B,Rice,2018,157074,179363
Region_B,Rice,2018,95243,928881
Region_B,Rice,2018,55873,383292
Region_B,Rice,2018,100283,235466
Region_B,Rice,2019,149214,781068
Region_B,Rice,2019,137402,384157
Region_B,Rice,2019,179144,296558
Region_B,Rice,2019,199944,826927
Region_B,Rice,2019,85151,185923
Region_B,Rice,2019,237982,884980
Region_B,Rice,2019,184507,515413
Region_B,Rice,2019,87583,955247
Region_B,Rice,2019,177663,363645
Region_B,Rice,2019,110622,434481
Region_B,Rice,2020,135105,710986
Region_B,Rice,2020,66376,1000000
Region_B,Rice,2020,162969,542483
Region_B,Rice,2020,163662,854552
Region_B,Rice,2020,143832,642317
Region_B,Rice,2020,207578,1000000
Region_B,Rice,2020,73628,897607
Region_B,Rice,2020,200612,960772
Region_B,Rice,2020,88935,783202
Region_B,Rice,2020,45066,321648
Region_B,Rice,2021,6000,1000000
Region_B,Rice,2021,6000,1000000
Region_B,Rice,2021,6000,1000000
Region_B,Rice,2021,6000,1000000
Region_B,Rice,2021,6000,1000000
Region_B,Rice,2021,6000,1000000
Region_B,Rice,2021,6000,1000000
Region_B,Rice,2021,6000,1000000
Region_B,Rice,2021,6000,1000000
Region_B,Rice,2021,6000,1000000
Region_B,Rice,2022,227206,707807
Region_B,Rice,2022,160045,603190
Region_B,Rice,2022,133707,172127
Region_B,Rice,2022,94696,905373
Region_B,Rice,2022,167419,198208
Region_B,Rice,2022,108402,176829
Region_B,Rice,2022,38766,852792
Region_B,Rice,2022,106091,448884
Region_B,Rice,2022,55088,1000000
Region_B,Rice,2022,123816,398197
Region_B,Maize,2018,21434,247059
Region_B,Maize,2018,225367,673255
Region_B,Maize,2018,167865,510737
Region_B,Maize,2018,80147,608623
Region_B,Maize,2018,28549,519234
Region_B,Maize,2018,87446,186967
Region_B,Maize,2018,82698,593166
Region_B,Maize,2018,153462,899696
Region_B,Maize,2018,55542,1000000
Region_B,Maize,2018,500,731165
Region_B,Maize,2019,206109,688310
Region_B,Maize,2019,57001,155947
Region_B,Maize,2019,170652,292882
Region_B,Maize,2019,71601,593142
Region_B,Maize,2019,42543,657214
Region_B,Maize,2019,146036,329537
Region_B,Maize,2019,178141,806768
Region_B,Maize,2019,103949,465121
Region_B,Maize,2019,92372,910749
Region_B,Maize,2019,122078,624930
Region_B,Maize,2020,64827,447366
Region_B,Maize,2020,223577,531647
Region_B,Maize,2020,65139,873539
Region_B,Maize,2020,135350,386407
Region_B,Maize,2020,115185,477239
Region_B,Maize,2020,104904,916348
Region_B,Maize,2020,85181,512610
Region_B,Maize,2020,92492,458981
Region_B,Maize,2020,144851,596482
Region_B,Maize,2020,69038,321092
Region_B,Maize,2021,6000,1000000
Region_B,Maize,2021,6000,1000000
Region_B,Maize,2021,6000,1000000
Region_B,Maize,2021,6000,1000000
Region_B,Maize,2021,6000,1000000
Region_B,Maize,2021,6000,1000000
Region_B,Maize,2021,6000,1000000
Region_B,Maize,2021,6000,1000000
Region_B,Maize,2021,6000,1000000
Region_B,Maize,2021,6000,1000000
Region_B,Maize,2022,111954,354497
Region_B,Maize,2022,124851,800515
Region_B,Maize,2022,41390,808969
Region_B,Maize,2022,163866,341030
Region_B,Maize,2022,178813,864419
Region_B,Maize,2022,139466,572545
Region_B,Maize,2022,75675,762482
Region_B,Maize,2022,115611,814946
Region_B,Maize,2022,107219,206350
Region_B,Maize,2022,128500,437473
Region_C,Wheat,2018,300000,313344
Region_C,Wheat,2018,119180,275842
Region_C,Wheat,2018,56158,284226
Region_C,Wheat,2018,143816,518308
Region_C,Wheat,2018,88128,336058
Region_C,Wheat,2018,114997,823338
Region_C,Wheat,2018,52337,228485
Region_C,Wheat,2018,199274,756474
Region_C,Wheat,2018,90295,696671
Region_C,Wheat,2018,112210,818277
Region_C,Wheat,2019,224343,165904
Region_C,Wheat,2019,151520,1000000
Region_C,Wheat,2019,84750,326498
Region_C,Wheat,2019,159357,492193
Region_C,Wheat,2019,178271,441230
Region_C,Wheat,2019,50348,306322
Region_C,Wheat,2019,201006,987389
Region_C,Wheat,2019,100380,832514
Region_C,Wheat,2019,137260,525532
Region_C,Wheat,2019,128255,75848
Region_C,Wheat,2020,161753,507711
Region_C,Wheat,2020,225901,815520
Region_C,Wheat,2020,118452,570403
Region_C,Wheat,2020,52593,891317
Region_C,Wheat,2020,90264,310910
Region_C,Wheat,2020,166063,604454
Region_C,Wheat,2020,236360,150326
Region_C,Wheat,2020,165354,68997
Region_C,Wheat,2020,115586,750947
Region_C,Wheat,2020,42833,398282
Region_C,Wheat,2021,178181,125103
Region_C,Wheat,2021,159550,91932
Region_C,Wheat,2021,83967,853635
Region_C,Wheat,2021,156058,340915
Region_C,Wheat,2021,138003,612858
Region_C,Wheat,2021,113533,298203
Region_C,Wheat,2021,139380,1000000
Region_C,Wheat,2021,262410,542205
Region_C,Wheat,2021,156514,137689
Region_C,Wheat,2021,163454,1000000
Region_C,Wheat,2022,138534,520775
Region_C,Wheat,2022,134017,931274
Region_C,Wheat,2022,101193,334650
Region_C,Wheat,2022,49940,276047
Region_C,Wheat,2022,175707,881878
Region_C,Wheat,2022,69112,688945
Region_C,Wheat,2022,96875,799740
Region_C,Wheat,2022,118449,488999
Region_C,Wheat,2022,131538,834288
Region_C,Wheat,2022,106774,283265
Region_C,Rice,2018,68293,406316
Region_C,Rice,2018,30694,220953
Region_C,Rice,2018,102747,499292
Region_C,Rice,2018,89292,280687
Region_C,Rice,2018,77748,598040
Region_C,Rice,2018,160984,133692
Region_C,Rice,2018,117518,66753
Region_C,Rice,2018,92414,371636
Region_C,Rice,2018,145376,268791
Region_C,Rice,2018,160671,243572
Region_C,Rice,2019,131877,239598
Region_C,Rice,2019,123239,132961
Region_C,Rice,2019,171358,828437
Region_C,Rice,2019,147389,347403
Region_C,Rice,2019,11259,589396
Region_C,Rice,2019,71408,417328
Region_C,Rice,2019,73932,650942
Region_C,Rice,2019,87759,785152
Region_C,Rice,2019,150614,115304
Region_C,Rice,2019,30686,352916
Region_C,Rice,2020,21270,349064
Region_C,Rice,2020,152776,214776
Region_C,Rice,2020,153262,172466
Region_C,Rice,2020,127895,449685
Region_C,Rice,2020,186866,660813
Region_C,Rice,2020,146778,449083
Region_C,Rice,2020,204745,322177
Region_C,Rice,2020,180591,756199
Region_C,Rice,2020,186167,330920
Region_C,Rice,2020,132393,852643
Region_C,Rice,2021,500,912053
Region_C,Rice,2021,107913,450160
Region_C,Rice,2021,115345,975595
Region_C,Rice,2021,165132,158395
Region_C,Rice,2021,146913,260484
Region_C,Rice,2021,111369,152987
Region_C,Rice,2021,133428,956648
Region_C,Rice,2021,212379,632518
Region_C,Rice,2021,209308,585852
Region_C,Rice,2021,32049,348686
Region_C,Rice,2022,173928,813587
Region_C,Rice,2022,145013,241714
Region_C,Rice,2022,183562,423016
Region_C,Rice,2022,146521,374135
Region_C,Rice,2022,157204,413121
Region_C,Rice,2022,192480,918120
Region_C,Rice,2022,154992,549297
Region_C,Rice,2022,85054,246325
Region_C,Rice,2022,123810,832804
Region_C,Rice,2022,138362,196367
Region_C,Maize,2018,14362,91511
Region_C,Maize,2018,102149,400685
Region_C,Maize,2018,51794,281842
Region_C,Maize,2018,26336,829041
Region_C,Maize,2018,142291,201538
Region_C,Maize,2018,111335,674760
Region_C,Maize,2018,62020,618611
Region_C,Maize,2018,143622,61955
Region_C,Maize,2018,185534,852326
Region_C,Maize,2018,70752,378517
Region_C,Maize,2019,139084,477701
Region_C,Maize,2019,95626,844402
Region_C,Maize,2019,144799,676285
Region_C,Maize,2019,147123,162632
Region_C,Maize,2019,82665,717392
Region_C,Maize,2019,87073,508710
Region_C,Maize,2019,135469,623664
Region_C,Maize,2019,121917,520797
Region_C,Maize,2019,174549,525293
Region_C,Maize,2019,144927,89123
Region_C,Maize,2020,105451,238002
Region_C,Maize,2020,41328,609281
Region_C,Maize,2020,70104,118749
Region_C,Maize,2020,152694,672281
Region_C,Maize,2020,189645,596851
Region_C,Maize,2020,500,89460
Region_C,Maize,2020,46175,473287
Region_C,Maize,2020,148065,193683
Region_C,Maize,2020,109328,61490
Region_C,Maize,2020,123159,104615
Region_C,Maize,2021,135459,383669
Region_C,Maize,2021,111325,360897
Region_C,Maize,2021,130667,927258
Region_C,Maize,2021,137123,567169
Region_C,Maize,2021,112066,369459
Region_C,Maize,2021,71790,931084
Region_C,Maize,2021,125980,844688
Region_C,Maize,2021,31650,422475
Region_C,Maize,2021,167893,795866
Region_C,Maize,2021,89664,221382
Region_C,Maize,2022,165414,415881
Region_C,Maize,2022,115450,659438
Region_C,Maize,2022,98304,179436
Region_C,Maize,2022,85711,733741
Region_C,Maize,2022,168468,974205
Region_C,Maize,2022,76165,753171
Region_C,Maize,2022,107219,569041
Region_C,Maize,2022,39362,488888
Region_C,Maize,2022,154397,470360
Region_C,Maize,2022,140221,171500
Region_D,Wheat,2018,227107,558166
Region_D,Wheat,2018,221318,708950
Region_D,Wheat,2018,218421,213762
Region_D,Wheat,2018,111555,659212
Region_D,Wheat,2018,186756,859596
Region_D,Wheat,2018,212752,332682
Region_D,Wheat,2018,232219,452530
Region_D,Wheat,2018,248652,916490
Region_D,Wheat,2018,201257,339742
Region_D,Wheat,2018,180809,610852
Region_D,Wheat,2019,141064,585305
Region_D,Wheat,2019,90805,350234
Region_D,Wheat,2019,148686,192795
Region_D,Wheat,2019,200624,451101
Region_D,Wheat,2019,221548,1000000
Region_D,Wheat,2019,167411,751673
Region_D,Wheat,2019,156253,173368
Region_D,Wheat,2019,195789,671978
Region_D,Wheat,2019,256165,326635
Region_D,Wheat,2019,239740,863784
Region_D,Wheat,2020,186017,250325
Region_D,Wheat,2020,153539,517229
Region_D,Wheat,2020,81213,370346
Region_D,Wheat,2020,186738,579621
Region_D,Wheat,2020,243813,500935
Region_D,Wheat,2020,204741,730438
Region_D,Wheat,2020,192767,939346
Region_D,Wheat,2020,290885,544121
Region_D,Wheat,2020,224328,915300
Region_D,Wheat,2020,114684,167922
Region_D,Wheat,2021,164752,817019
Region_D,Wheat,2021,194640,355987
Region_D,Wheat,2021,82596,784207
Region_D,Wheat,2021,228626,608218
Region_D,Wheat,2021,185516,688735
Region_D,Wheat,2021,214456,246794
Region_D,Wheat,2021,209888,773652
Region_D,Wheat,2021,282462,578983
Region_D,Wheat,2021,186403,346590
Region_D,Wheat,2021,115826,743099
Region_D,Wheat,2022,94634,754908
Region_D,Wheat,2022,149452,402671
Region_D,Wheat,2022,183756,152259
Region_D,Wheat,2022,256204,59775
Region_D,Wheat,2022,254378,398560
Region_D,Wheat,2022,164603,165522
Region_D,Wheat,2022,203087,361556
Region_D,Wheat,2022,193291,447586
Region_D,Wheat,2022,208876,400655
Region_D,Wheat,2022,126384,862177
Region_D,Rice,2018,170733,154129
Region_D,Rice,2018,230755,511163
Region_D,Rice,2018,75923,993255
Region_D,Rice,2018,122238,883767
Region_D,Rice,2018,165949,137622
Region_D,Rice,2018,109243,875198
Region_D,Rice,2018,182231,163973
Region_D,Rice,2018,138206,446450
Region_D,Rice,2018,127795,117984
Region_D,Rice,2018,215818,110975
Region_D,Rice,2019,130557,177389
Region_D,Rice,2019,178386,770322
Region_D,Rice,2019,184684,430280
Region_D,Rice,2019,238023,566159
Region_D,Rice,2019,130889,717745
Region_D,Rice,2019,140238,563070
Region_D,Rice,2019,221927,197495
Region_D,Rice,2019,195539,486579
Region_D,Rice,2019,88095,313514
Region_D,Rice,2019,225807,60853
Region_D,Rice,2020,186090,723018
Region_D,Rice,2020,112072,337817
Region_D,Rice,2020,175460,528083
Region_D,Rice,2020,205416,679492
Region_D,Rice,2020,271659,218099
Region_D,Rice,2020,207946,173302
Region_D,Rice,2020,265293,931564
Region_D,Rice,2020,183425,287483
Region_D,Rice,2020,171220,311291
Region_D,Rice,2020,154418,574352
Region_D,Rice,2021,216274,631818
Region_D,Rice,2021,179189,741190
Region_D,Rice,2021,254185,91804
Region_D,Rice,2021,214626,856045
Region_D,Rice,2021,164625,785708
Region_D,Rice,2021,121435,573250
Region_D,Rice,2021,186939,398166
Region_D,Rice,2021,180508,447534
Region_D,Rice,2021,144507,503050
Region_D,Rice,2021,256770,429476
Region_D,Rice,2022,203591,188337
Region_D,Rice,2022,251498,291811
Region_D,Rice,2022,206770,527839
Region_D,Rice,2022,146232,689376
Region_D,Rice,2022,236183,533708
Region_D,Rice,2022,115768,574035
Region_D,Rice,2022,148160,169129
Region_D,Rice,2022,121792,472854
Region_D,Rice,2022,214412,218768
Region_D,Rice,2022,156823,727354
Region_D,Maize,2018,89249,508727
Region_D,Maize,2018,161223,383886
Region_D,Maize,2018,106887,169961
Region_D,Maize,2018,105564,403404
Region_D,Maize,2018,187500,362703
Region_D,Maize,2018,61654,514479
Region_D,Maize,2018,106687,69352
Region_D,Maize,2018,96355,322443
Region_D,Maize,2018,194567,613133
Region_D,Maize,2018,166058,536418
Region_D,Maize,2019,264225,76368
Region_D,Maize,2019,132505,59330
Region_D,Maize,2019,159647,784762
Region_D,Maize,2019,168379,584807
Region_D,Maize,2019,145634,819145
Region_D,Maize,2019,234626,861184
Region_D,Maize,2019,183724,826182
Region_D,Maize,2019,124859,192614
Region_D,Maize,2019,202286,1000000
Region_D,Maize,2019,121878,87379
Region_D,Maize,2020,176407,485262
Region_D,Maize,2020,145484,590268
Region_D,Maize,2020,155936,501619
Region_D,Maize,2020,181209,337131
Region_D,Maize,2020,233934,122264
Region_D,Maize,2020,170339,812058
Region_D,Maize,2020,142072,90406
Region_D,Maize,2020,184465,824261
Region_D,Maize,2020,165799,137758
Region_D,Maize,2020,134310,947390
Region_D,Maize,2021,117571,351757
Region_D,Maize,2021,155892,798397
Region_D,Maize,2021,170504,277436
Region_D,Maize,2021,184846,345750
Region_D,Maize,2021,102127,189646
Region_D,Maize,2021,181208,161442
Region_D,Maize,2021,129373,902225
Region_D,Maize,2021,185536,196377
Region_D,Maize,2021,157474,366165
Region_D,Maize,2021,149662,896350
Region_D,Maize,2022,169529,279504
Region_D,Maize,2022,32588,459496
Region_D,Maize,2022,140350,231404
Region_D,Maize,2022,173791,868489
Region_D,Maize,2022,219340,845794
Region_D,Maize,2022,80748,700916
Region_D,Maize,2022,113802,693472
Region_D,Maize,2022,255612,842210
Region_D,Maize,2022,143180,491101
Region_D,Maize,2022,164566,273726
Region_E,Wheat,2018,208592,665308
Region_E,Wheat,2018,183417,381567
Region_E,Wheat,2018,130982,223392
Region_E,Wheat,2018,269221,561891
Region_E,Wheat,2018,197002,662594
Region_E,Wheat,2018,177762,343091
Region_E,Wheat,2018,217244,742562
Region_E,Wheat,2018,177289,772474
Region_E,Wheat,2018,227208,841903
Region_E,Wheat,2018,194831,889654
Region_E,Wheat,2019,297114,76435
Region_E,Wheat,2019,169432,130771
Region_E,Wheat,2019,160552,168199
Region_E,Wheat,2019,206004,203956
Region_E,Wheat,2019,224799,601578
Region_E,Wheat,2019,225725,421180
Region_E,Wheat,2019,193722,575959
Region_E,Wheat,2019,141433,864093
Region_E,Wheat,2019,212795,909349
Region_E,Wheat,2019,172209,278324
Region_E,Wheat,2020,194884,933563
Region_E,Wheat,2020,300000,183284
Region_E,Wheat,2020,175053,945383
Region_E,Wheat,2020,251758,549456
Region_E,Wheat,2020,141855,105331
Region_E,Wheat,2020,209275,148677
Region_E,Wheat,2020,192667,97120
Region_E,Wheat,2020,194037,743903
Region_E,Wheat,2020,170703,418646
Region_E,Wheat,2020,261128,504230
Region_E,Wheat,2021,186193,449795
Region_E,Wheat,2021,210664,539892
Region_E,Wheat,2021,146671,763514
Region_E,Wheat,2021,235631,295672
Region_E,Wheat,2021,233901,806078
Region_E,Wheat,2021,232219,839313
Region_E,Wheat,2021,136364,116288
Region_E,Wheat,2021,124245,891567
Region_E,Wheat,2021,113683,311795
Region_E,Wheat,2021,113656,80910
Region_E,Wheat,2022,152776,985977
Region_E,Wheat,2022,120309,111051
Region_E,Wheat,2022,217614,372753
Region_E,Wheat,2022,187228,223900
Region_E,Wheat,2022,203568,406166
Region_E,Wheat,2022,84046,944186
Region_E,Wheat,2022,256848,184368
Region_E,Wheat,2022,251016,645282
Region_E,Wheat,2022,187162,917910
Region_E,Wheat,2022,176810,412271
Region_E,Rice,2018,192613,396284
Region_E,Rice,2018,212341,485950
Region_E,Rice,2018,229375,524123
Region_E,Rice,2018,186253,326292
Region_E,Rice,2018,202603,435413
Region_E,Rice,2018,186819,650231
Region_E,Rice,2018,116181,361144
Region_E,Rice,2018,154749,984781
Region_E,Rice,2018,226424,88689
Region_E,Rice,2018,186889,446283
Region_E,Rice,2019,214681,100575
Region_E,Rice,2019,184051,792888
Region_E,Rice,2019,235091,124948
Region_E,Rice,2019,263459,443346
Region_E,Rice,2019,196327,485549
Region_E,Rice,2019,208189,92807
Region_E,Rice,2019,153866,955701
Region_E,Rice,2019,254781,486658
Region_E,Rice,2019,75772,160357
Region_E,Rice,2019,89463,684196
Region_E,Rice,2020,226542,467947
Region_E,Rice,2020,147173,615044
Region_E,Rice,2020,235076,784603
Region_E,Rice,2020,125422,888552
Region_E,Rice,2020,221854,215765
Region_E,Rice,2020,276271,807808
Region_E,Rice,2020,181876,971565
Region_E,Rice,2020,131297,86629
Region_E,Rice,2020,99739,935277
Region_E,Rice,2020,163997,825660
Region_E,Rice,2021,195819,280245
Region_E,Rice,2021,158030,370454
Region_E,Rice,2021,115950,761096
Region_E,Rice,2021,192477,882533
Region_E,Rice,2021,178904,994775
Region_E,Rice,2021,188317,355303
Region_E,Rice,2021,195700,450164
Region_E,Rice,2021,239045,482640
Region_E,Rice,2021,155494,844795
Region_E,Rice,2021,163793,507031
Region_E,Rice,2022,143172,808225
Region_E,Rice,2022,151824,687978
Region_E,Rice,2022,263728,218690
Region_E,Rice,2022,189014,184378
Region_E,Rice,2022,246371,864347
Region_E,Rice,2022,253620,427868
Region_E,Rice,2022,243151,316879
Region_E,Rice,2022,187340,381031
Region_E,Rice,2022,201670,668412
Region_E,Rice,2022,188763,115069
Region_E,Maize,2018,147544,982527
Region_E,Maize,2018,122310,447493
Region_E,Maize,2018,168260,587358
Region_E,Maize,2018,139347,618081
Region_E,Maize,2018,143350,71062
Region_E,Maize,2018,168817,462980
Region_E,Maize,2018,137361,404287
Region_E,Maize,2018,147479,460564
Region_E,Maize,2018,149589,762263
Region_E,Maize,2018,153237,228804
Region_E,Maize,2019,96193,487079
Region_E,Maize,2019,181420,184869
Region_E,Maize,2019,156037,372166
Region_E,Maize,2019,250544,226465
Region_E,Maize,2019,157360,770022
Region_E,Maize,2019,102359,976001
Region_E,Maize,2019,139751,615115
Region_E,Maize,2019,147600,871340
Region_E,Maize,2019,135774,124617
Region_E,Maize,2019,196049,151491
Region_E,Maize,2020,166601,69883
Region_E,Maize,2020,100714,996584
Region_E,Maize,2020,77106,291273
Region_E,Maize,2020,97802,964593
Region_E,Maize,2020,165828,639637
Region_E,Maize,2020,152647,950017
Region_E,Maize,2020,120203,706120
Region_E,Maize,2020,208186,242746
Region_E,Maize,2020,107448,445815
Region_E,Maize,2020,177337,747383
Region_E,Maize,2021,153627,78671
Region_E,Maize,2021,196456,734694
Region_E,Maize,2021,172278,558529
Region_E,Maize,2021,173617,716270
Region_E,Maize,2021,240935,71983
Region_E,Maize,2021,81418,576240
Region_E,Maize,2021,118440,487125
Region_E,Maize,2021,79262,676163
Region_E,Maize,2021,240994,121335
Region_E,Maize,2021,52217,599671
Region_E,Maize,2022,170892,317068
Region_E,Maize,2022,93023,143526
Region_E,Maize,2022,197880,970006
Region_E,Maize,2022,125031,537099
Region_E,Maize,2022,152900,436604
Region_E,Maize,2022,152694,928522
Region_E,Maize,2022,187545,574388
Region_E,Maize,2022,87092,308803
Region_E,Maize,2022,196662,501986
Region_E,Maize,2022,199477,927123
Region_F,Wheat,2018,163985,952003
Region_F,Wheat,2018,149532,154724
Region_F,Wheat,2018,192610,783568
Region_F,Wheat,2018,137868,517368
Region_F,Wheat,2018,93384,964272
Region_F,Wheat,2018,150422,261017
Region_F,Wheat,2018,101005,135507
Region_F,Wheat,2018,166371,684941
Region_F,Wheat,2018,199998,837956
Region_F,Wheat,2018,179335,661735
Region_F,Wheat,2019,128812,783740
Region_F,Wheat,2019,150703,442283
Region_F,Wheat,2019,152004,712088
Region_F,Wheat,2019,234983,372571
Region_F,Wheat,2019,199456,912870
Region_F,Wheat,2019,74375,815307
Region_F,Wheat,2019,168219,259350
Region_F,Wheat,2019,135167,778766
Region_F,Wheat,2019,270950,471358
Region_F,Wheat,2019,111084,81934
Region_F,Wheat,2020,89130,589221
Region_F,Wheat,2020,124126,65487
Region_F,Wheat,2020,191759,906331
Region_F,Wheat,2020,94804,199346
Region_F,Wheat,2020,106668,659520
Region_F,Wheat,2020,96083,664796
Region_F,Wheat,2020,127722,125963
Region_F,Wheat,2020,248608,879408
Region_F,Wheat,2020,124907,340851
Region_F,Wheat,2020,127993,71747
Region_F,Wheat,2021,106088,392407
Region_F,Wheat,2021,171542,974238
Region_F,Wheat,2021,127982,266301
Region_F,Wheat,2021,84172,963415
Region_F,Wheat,2021,187933,751357
Region_F,Wheat,2021,186188,527862
Region_F,Wheat,2021,180451,830170
Region_F,Wheat,2021,145588,659544
Region_F,Wheat,2021,119770,416917
Region_F,Wheat,2021,57352,653551
Region_F,Wheat,2022,162375,672972
Region_F,Wheat,2022,165729,625665
Region_F,Wheat,2022,179427,800920
Region_F,Wheat,2022,253646,641563
Region_F,Wheat,2022,224094,871908
Region_F,Wheat,2022,119237,185648
Region_F,Wheat,2022,105852,934885
Region_F,Wheat,2022,208209,1000000
Region_F,Wheat,2022,153114,969681
Region_F,Wheat,2022,192219,384850
Region_F,Rice,2018,188610,894683
Region_F,Rice,2018,124794,294249
Region_F,Rice,2018,138026,150469
Region_F,Rice,2018,194498,605066
Region_F,Rice,2018,63924,582956
Region_F,Rice,2018,59323,868986
Region_F,Rice,2018,211141,806995
Region_F,Rice,2018,101822,183690
Region_F,Rice,2018,250787,242260
Region_F,Rice,2018,75365,76454
Region_F,Rice,2019,197330,554700
Region_F,Rice,2019,61775,486700
Region_F,Rice,2019,269601,184585
Region_F,Rice,2019,94948,931753
Region_F,Rice,2019,140229,661531
Region_F,Rice,2019,228601,537240
Region_F,Rice,2019,154995,444179
Region_F,Rice,2019,220414,413127
Region_F,Rice,2019,193771,228588
Region_F,Rice,2019,217730,419809
Region_F,Rice,2020,179112,624115
Region_F,Rice,2020,164583,997985
Region_F,Rice,2020,87467,327766
Region_F,Rice,2020,113880,853049
Region_F,Rice,2020,161414,574774
Region_F,Rice,2020,148400,183295
Region_F,Rice,2020,152868,65499
Region_F,Rice,2020,93174,585691
Region_F,Rice,2020,141404,653210
Region_F,Rice,2020,196989,305647
Region_F,Rice,2021,39252,609568
Region_F,Rice,2021,82713,743604
Region_F,Rice,2021,199775,617634
Region_F,Rice,2021,160010,985379
Region_F,Rice,2021,61677,300614
Region_F,Rice,2021,204153,545356
Region_F,Rice,2021,174755,156393
Region_F,Rice,2021,179339,122204
Region_F,Rice,2021,74572,698825
Region_F,Rice,2021,114163,399385
Region_F,Rice,2022,184183,234070
Region_F,Rice,2022,157658,147666
Region_F,Rice,2022,77652,434703
Region_F,Rice,2022,178398,794177
Region_F,Rice,2022,112426,665881
Region_F,Rice,2022,98215,99584
Region_F,Rice,2022,200121,164366
Region_F,Rice,2022,154425,502275
Region_F,Rice,2022,130052,623310
Region_F,Rice,2022,151251,231845
Region_F,Maize,2018,66308,456251
Region_F,Maize,2018,182192,312899
Region_F,Maize,2018,71392,767018
Region_F,Maize,2018,90524,449493
Region_F,Maize,2018,5733,437229
Region_F,Maize,2018,98130,189646
Region_F,Maize,2018,94729,284384
Region_F,Maize,2018,95164,791143
Region_F,Maize,2018,168101,919201
Region_F,Maize,2018,77808,81242
Region_F,Maize,2019,158179,613656
Region_F,Maize,2019,162564,632880
Region_F,Maize,2019,151012,56892
Region_F,Maize,2019,71873,698803
Region_F,Maize,2019,162621,711859
Region_F,Maize,2019,103900,797293
Region_F,Maize,2019,78244,909505
Region_F,Maize,2019,101177,543723
Region_F,Maize,2019,92612,863955
Region_F,Maize,2019,108757,224261
Region_F,Maize,2020,149762,303711
Region_F,Maize,2020,79832,992613
Region_F,Maize,2020,38369,768173
Region_F,Maize,2020,132312,125130
Region_F,Maize,2020,184747,902017
Region_F,Maize,2020,150577,81928
Region_F,Maize,2020,22393,771122
Region_F,Maize,2020,123836,512228
Region_F,Maize,2020,158082,981098
Region_F,Maize,2020,86341,186160
Region_F,Maize,2021,122866,682260
Region_F,Maize,2021,94699,548715
Region_F,Maize,2021,164815,452097
Region_F,Maize,2021,148083,254217
Region_F,Maize,2021,36239,282532
Region_F,Maize,2021,104126,901945
Region_F,Maize,2021,135767,720724
Region_F,Maize,2021,145040,649099
Region_F,Maize,2021,226658,870000
Region_F,Maize,2021,68115,669513
Region_F,Maize,2022,91716,520173
Region_F,Maize,2022,81111,64079
Region_F,Maize,2022,155575,71158
Region_F,Maize,2022,133711,640976
Region_F,Maize,2022,145739,889324
Region_F,Maize,2022,29412,280247
Region_F,Maize,2022,213829,481576
Region_F,Maize,2022,196410,290331
Region_F,Maize,2022,79792,915955
Region_F,Maize,2022,106427,178022
Region_G,Wheat,2018,133125,106212
Region_G,Wheat,2018,102542,968222
Region_G,Wheat,2018,168551,535467
Region_G,Wheat,2018,153904,400078
Region_G,Wheat,2018,218339,756211
Region_G,Wheat,2018,212674,163389
Region_G,Wheat,2018,194594,975537
Region_G,Wheat,2018,170568,125472
Region_G,Wheat,2018,164990,375549
Region_G,Wheat,2018,167468,417777
Region_G,Wheat,2019,190413,297026
Region_G,Wheat,2019,221007,712113
Region_G,Wheat,2019,122465,381920
Region_G,Wheat,2019,57626,71478
Region_G,Wheat,2019,131401,744297
Region_G,Wheat,2019,164124,903294
Region_G,Wheat,2019,174493,152889
Region_G,Wheat,2019,184410,507228
Region_G,Wheat,2019,108271,343088
Region_G,Wheat,2019,193828,399485
Region_G,Wheat,2020,120910,134703
Region_G,Wheat,2020,155663,976062
Region_G,Wheat,2020,205634,922687
Region_G,Wheat,2020,157402,829725
Region_G,Wheat,2020,126109,959126
Region_G,Wheat,2020,145168,659101
Region_G,Wheat,2020,161632,506782
Region_G,Wheat,2020,97391,563407
Region_G,Wheat,2020,192288,155814
Region_G,Wheat,2020,193982,162902
Region_G,Wheat,2021,203619,349076
Region_G,Wheat,2021,161921,246764
Region_G,Wheat,2021,170010,152218
Region_G,Wheat,2021,164807,128541
Region_G,Wheat,2021,156432,293652
Region_G,Wheat,2021,175176,450378
Region_G,Wheat,2021,212617,770109
Region_G,Wheat,2021,168726,188307
Region_G,Wheat,2021,131664,233269
Region_G,Wheat,2021,167934,99496
Region_G,Wheat,2022,207185,238327
Region_G,Wheat,2022,175521,699396
Region_G,Wheat,2022,106876,555633
Region_G,Wheat,2022,153355,175581
Region_G,Wheat,2022,128228,787980
Region_G,Wheat,2022,168661,206614
Region_G,Wheat,2022,300000,90451
Region_G,Wheat,2022,158333,818712
Region_G,Wheat,2022,130389,482863
Region_G,Wheat,2022,180244,67361
Region_G,Rice,2018,205870,274286
Region_G,Rice,2018,134881,450062
Region_G,Rice,2018,163310,350524
Region_G,Rice,2018,158169,730961
Region_G,Rice,2018,257523,99537
Region_G,Rice,2018,150577,952004
Region_G,Rice,2018,158284,764643
Region_G,Rice,2018,186550,273244
Region_G,Rice,2018,122279,875162
Region_G,Rice,2018,210574,380481
Region_G,Rice,2019,173903,838372
Region_G,Rice,2019,192978,950482
Region_G,Rice,2019,130410,720376
Region_G,Rice,2019,230491,748235
Region_G,Rice,2019,284189,960215
Region_G,Rice,2019,198268,815766
Region_G,Rice,2019,227932,779431
Region_G,Rice,2019,113192,490795
Region_G,Rice,2019,111098,470209
Region_G,Rice,2019,133726,267360
Region_G,Rice,2020,134176,219943
Region_G,Rice,2020,173868,786488
Region_G,Rice,2020,183207,913030
Region_G,Rice,2020,133931,202380
Region_G,Rice,2020,151663,185431
Region_G,Rice,2020,237623,738332
Region_G,Rice,2020,149078,187875
Region_G,Rice,2020,182284,445301
Region_G,Rice,2020,140543,858232
Region_G,Rice,2020,138032,335615
Region_G,Rice,2021,133689,678105
Region_G,Rice,2021,129136,824965
Region_G,Rice,2021,295138,523881
Region_G,Rice,2021,188788,419174
Region_G,Rice,2021,59006,1000000
Region_G,Rice,2021,135970,685867
Region_G,Rice,2021,99252,450227
Region_G,Rice,2021,145979,354847
Region_G,Rice,2021,269223,542817
Region_G,Rice,2021,174898,340992
Region_G,Rice,2022,120218,58946
Region_G,Rice,2022,125072,864875
Region_G,Rice,2022,142397,647104
Region_G,Rice,2022,99859,53553
Region_G,Rice,2022,219967,950928
Region_G,Rice,2022,134222,940030
Region_G,Rice,2022,191141,562716
Region_G,Rice,2022,211924,990703
Region_G,Rice,2022,167956,764887
Region_G,Rice,2022,251451,905981
Region_G,Maize,2018,116093,614847
Region_G,Maize,2018,107898,477403
Region_G,Maize,2018,10537,244372
Region_G,Maize,2018,72739,247199
Region_G,Maize,2018,110800,820867
Region_G,Maize,2018,87207,185749
Region_G,Maize,2018,216361,935111
Region_G,Maize,2018,121135,369032
Region_G,Maize,2018,109969,723269
Region_G,Maize,2018,42272,962111
Region_G,Maize,2019,165127,215358
Region_G,Maize,2019,139135,218247
Region_G,Maize,2019,74240,387682
Region_G,Maize,2019,102975,820407
Region_G,Maize,2019,123604,60488
Region_G,Maize,2019,60485,651328
Region_G,Maize,2019,42338,300002
Region_G,Maize,2019,167582,861932
Region_G,Maize,2019,174978,972992
Region_G,Maize,2019,181096,201792
Region_G,Maize,2020,190306,347720
Region_G,Maize,2020,127053,852601
Region_G,Maize,2020,147173,781572
Region_G,Maize,2020,95493,164467
Region_G,Maize,2020,122516,368808
Region_G,Maize,2020,500,424144
Region_G,Maize,2020,235107,957395
Region_G,Maize,2020,167301,859471
Region_G,Maize,2020,95711,900864
Region_G,Maize,2020,113007,768791
Region_G,Maize,2021,44407,700460
Region_G,Maize,2021,113454,319996
Region_G,Maize,2021,129559,485785
Region_G,Maize,2021,60629,615355
Region_G,Maize,2021,136425,70942
Region_G,Maize,2021,151649,780520
Region_G,Maize,2021,181921,876140
Region_G,Maize,2021,125069,743389
Region_G,Maize,2021,172477,665314
Region_G,Maize,2021,97217,764194
Region_G,Maize,2022,105223,133250
Region_G,Maize,2022,111204,126420
Region_G,Maize,2022,162667,75161
Region_G,Maize,2022,119131,188946
Region_G,Maize,2022,60981,662134
Region_G,Maize,2022,109775,67366
Region_G,Maize,2022,158901,177970
Region_G,Maize,2022,168416,379229
Region_G,Maize,2022,151812,815162
Region_G,Maize,2022,176356,520770
Region_H,Wheat,2018,57487,727654
Region_H,Wheat,2018,28961,376469
Region_H,Wheat,2018,70374,618837
Region_H,Wheat,2018,151544,929598
Region_H,Wheat,2018,87401,523082
Region_H,Wheat,2018,68037,832714
Region_H,Wheat,2018,31499,683754
Region_H,Wheat,2018,41786,305294
Region_H,Wheat,2018,97770,112878
Region_H,Wheat,2018,73267,799228
Region_H,Wheat,2019,77032,771231
Region_H,Wheat,2019,149341,554922
Region_H,Wheat,2019,86301,289436
Region_H,Wheat,2019,86554,622014
Region_H,Wheat,2019,70179,997140
Region_H,Wheat,2019,144429,593512
Region_H,Wheat,2019,83416,101216
Region_H,Wheat,2019,12602,727974
Region_H,Wheat,2019,44410,391740
Region_H,Wheat,2019,119408,187030
Region_H,Wheat,2020,32018,485025
Region_H,Wheat,2020,114470,173182
Region_H,Wheat,2020,108199,211211
Region_H,Wheat,2020,98801,805370
Region_H,Wheat,2020,97855,981771
Region_H,Wheat,2020,81723,295335
Region_H,Wheat,2020,90262,237816
Region_H,Wheat,2020,143485,700539
Region_H,Wheat,2020,181938,994075
Region_H,Wheat,2020,99113,592097
Region_H,Wheat,2021,84043,223516
Region_H,Wheat,2021,157524,868582
Region_H,Wheat,2021,122140,645731
Region_H,Wheat,2021,500,447022
Region_H,Wheat,2021,145360,830051
Region_H,Wheat,2021,134394,395025
Region_H,Wheat,2021,137783,714438
Region_H,Wheat,2021,100799,552277
Region_H,Wheat,2021,178073,206574
Region_H,Wheat,2021,142734,278350
Region_H,Wheat,2022,111295,837180
Region_H,Wheat,2022,67774,872677
Region_H,Wheat,2022,110208,394809
Region_H,Wheat,2022,156839,440181
Region_H,Wheat,2022,153732,913650
Region_H,Wheat,2022,148874,579167
Region_H,Wheat,2022,152912,240274
Region_H,Wheat,2022,147893,781821
Region_H,Wheat,2022,94934,431142
Region_H,Wheat,2022,148259,252972
Region_H,Rice,2018,33016,280796
Region_H,Rice,2018,138950,432368
Region_H,Rice,2018,155992,251678
Region_H,Rice,2018,53819,202830
Region_H,Rice,2018,10981,559867
Region_H,Rice,2018,82746,374253
Region_H,Rice,2018,99937,550352
Region_H,Rice,2018,79130,678676
Region_H,Rice,2018,204816,80471
Region_H,Rice,2018,171732,781324
Region_H,Rice,2019,38704,271020
Region_H,Rice,2019,197924,407842
Region_H,Rice,2019,120161,608252
Region_H,Rice,2019,155024,527291
Region_H,Rice,2019,23554,935786
Region_H,Rice,2019,202361,796735
Region_H,Rice,2019,115697,224749
Region_H,Rice,2019,74604,778179
Region_H,Rice,2019,190413,948859
Region_H,Rice,2019,500,60303
Region_H,Rice,2020,97163,223100
Region_H,Rice,2020,26040,781559
Region_H,Rice,2020,80511,596466
Region_H,Rice,2020,95754,587403
Region_H,Rice,2020,113673,816909
Region_H,Rice,2020,29869,575041
Region_H,Rice,2020,46256,884680
Region_H,Rice,2020,146377,132007
Region_H,Rice,2020,99331,996848
Region_H,Rice,2020,29712,597534
Region_H,Rice,2021,189265,509488
Region_H,Rice,2021,26411,257498
Region_H,Rice,2021,65750,53517
Region_H,Rice,2021,228732,241178
Region_H,Rice,2021,106138,253183
Region_H,Rice,2021,110859,810205
Region_H,Rice,2021,151988,756721
Region_H,Rice,2021,75648,901892
Region_H,Rice,2021,128230,502336
Region_H,Rice,2021,103989,428118
Region_H,Rice,2022,167114,186423
Region_H,Rice,2022,103424,230434
Region_H,Rice,2022,163937,276100
Region_H,Rice,2022,173855,313926
Region_H,Rice,2022,159436,630221
Region_H,Rice,2022,143976,531446
Region_H,Rice,2022,201597,808842
Region_H,Rice,2022,180019,465321
Region_H,Rice,2022,168923,735459
Region_H,Rice,2022,119548,526112
Region_H,Maize,2018,143757,496425
Region_H,Maize,2018,500,545599
Region_H,Maize,2018,143390,87863
Region_H,Maize,2018,113961,200387
Region_H,Maize,2018,35652,613896
Region_H,Maize,2018,105343,514099
Region_H,Maize,2018,208990,320963
Region_H,Maize,2018,35498,935511
Region_H,Maize,2018,2396,447134
Region_H,Maize,2018,113972,420516
Region_H,Maize,2019,32653,438956
Region_H,Maize,2019,155593,177511
Region_H,Maize,2019,112649,368380
Region_H,Maize,2019,161714,285585
Region_H,Maize,2019,40832,214175
Region_H,Maize,2019,61972,422303
Region_H,Maize,2019,500,876852
Region_H,Maize,2019,32621,776690
Region_H,Maize,2019,54477,131812
Region_H,Maize,2019,18581,448355
Region_H,Maize,2020,52598,56042
Region_H,Maize,2020,74080,750200
Region_H,Maize,2020,79323,289077
Region_H,Maize,2020,79016,746282
Region_H,Maize,2020,45625,66873
Region_H,Maize,2020,160210,608017
Region_H,Maize,2020,149101,750716
Region_H,Maize,2020,72316,734029
Region_H,Maize,2020,121267,257811
Region_H,Maize,2020,50287,281369
Region_H,Maize,2021,38972,839308
Region_H,Maize,2021,53829,369036
Region_H,Maize,2021,17714,840619
Region_H,Maize,2021,143038,1000000
Region_H,Maize,2021,163334,706805
Region_H,Maize,2021,153171,853871
Region_H,Maize,2021,120673,487022
Region_H,Maize,2021,135152,88173
Region_H,Maize,2021,156450,576635
Region_H,Maize,2021,57489,684267
Region_H,Maize,2022,74060,589938
Region_H,Maize,2022,56161,764703
Region_H,Maize,2022,132784,822087
Region_H,Maize,2022,500,377514
Region_H,Maize,2022,147135,580910
Region_H,Maize,2022,124733,570870
Region_H,Maize,2022,62833,146422
Region_H,Maize,2022,40401,374861
Region_H,Maize,2022,129703,773453
Region_H,Maize,2022,135846,805087
Region_I,Wheat,2018,51210,748512
Region_I,Wheat,2018,65299,602092
Region_I,Wheat,2018,69601,188955
Region_I,Wheat,2018,81556,620201
Region_I,Wheat,2018,137033,492503
Region_I,Wheat,2018,114699,192786
Region_I,Wheat,2018,60566,846624
Region_I,Wheat,2018,126387,65814
Region_I,Wheat,2018,139962,194928
Region_I,Wheat,2018,107185,981370
Region_I,Wheat,2019,96849,871484
Region_I,Wheat,2019,24170,280858
Region_I,Wheat,2019,128135,321305
Region_I,Wheat,2019,144608,328385
Region_I,Wheat,2019,40107,598678
Region_I,Wheat,2019,65905,890136
Region_I,Wheat,2019,102135,589047
Region_I,Wheat,2019,171147,311033
Region_I,Wheat,2019,83906,100374
Region_I,Wheat,2019,40668,829416
Region_I,Wheat,2020,164640,652119
Region_I,Wheat,2020,97388,671998
Region_I,Wheat,2020,80304,629616
Region_I,Wheat,2020,186263,212873
Region_I,Wheat,2020,34969,70064
Region_I,Wheat,2020,141319,524472
Region_I,Wheat,2020,173146,232568
Region_I,Wheat,2020,115185,971155
Region_I,Wheat,2020,70814,494773
Region_I,Wheat,2020,67930,356857
Region_I,Wheat,2021,141360,157407
Region_I,Wheat,2021,107529,217730
Region_I,Wheat,2021,158273,601440
Region_I,Wheat,2021,101390,831705
Region_I,Wheat,2021,138525,665111
Region_I,Wheat,2021,50376,164259
Region_I,Wheat,2021,163870,924381
Region_I,Wheat,2021,92879,554439
Region_I,Wheat,2021,133142,686751
Region_I,Wheat,2021,119201,311169
Region_I,Wheat,2022,106178,219786
Region_I,Wheat,2022,167881,442069
Region_I,Wheat,2022,126147,794860
Region_I,Wheat,2022,182027,460763
Region_I,Wheat,2022,25860,176133
Region_I,Wheat,2022,74426,659951
Region_I,Wheat,2022,97445,421854
Region_I,Wheat,2022,161218,88268
Region_I,Wheat,2022,146174,184372
Region_I,Wheat,2022,89720,425746
Region_I,Rice,2018,61015,440115
Region_I,Rice,2018,126078,54066
Region_I,Rice,2018,500,270085
Region_I,Rice,2018,102353,675053
Region_I,Rice,2018,136692,134303
Region_I,Rice,2018,143616,844258
Region_I,Rice,2018,170367,210695
Region_I,Rice,2018,83094,718354
Region_I,Rice,2018,71114,861888
Region_I,Rice,2018,102746,121251
Region_I,Rice,2019,32413,807047
Region_I,Rice,2019,147238,694931
Region_I,Rice,2019,92251,176411
Region_I,Rice,2019,62514,302261
Region_I,Rice,2019,135476,773448
Region_I,Rice,2019,113484,258426
Region_I,Rice,2019,137904,332773
Region_I,Rice,2019,141279,931610
Region_I,Rice,2019,57273,667681
Region_I,Rice,2019,62855,181232
Region_I,Rice,2020,129445,1000000
Region_I,Rice,2020,152748,529774
Region_I,Rice,2020,165627,891263
Region_I,Rice,2020,155488,78175
Region_I,Rice,2020,34434,534489
Region_I,Rice,2020,95673,369844
Region_I,Rice,2020,116912,281571
Region_I,Rice,2020,148330,803931
Region_I,Rice,2020,61118,714941
Region_I,Rice,2020,112642,781377
Region_I,Rice,2021,20264,162009
Region_I,Rice,2021,158010,431796
Region_I,Rice,2021,86812,642957
Region_I,Rice,2021,140044,778730
Region_I,Rice,2021,4893,786045
Region_I,Rice,2021,174517,404001
Region_I,Rice,2021,97500,795700
Region_I,Rice,2021,148588,173642
Region_I,Rice,2021,134441,867044
Region_I,Rice,2021,500,55974
Region_I,Rice,2022,64364,402046
Region_I,Rice,2022,137612,102204
Region_I,Rice,2022,68386,745746
Region_I,Rice,2022,67857,694854
Region_I,Rice,2022,94076,219605
Region_I,Rice,2022,147189,599303
Region_I,Rice,2022,106163,757745
Region_I,Rice,2022,95226,733688
Region_I,Rice,2022,34312,979083
Region_I,Rice,2022,139156,173796
Region_I,Maize,2018,128396,574730
Region_I,Maize,2018,82513,543510
Region_I,Maize,2018,96424,116429
Region_I,Maize,2018,22207,990329
Region_I,Maize,2018,34637,902376
Region_I,Maize,2018,111890,213154
Region_I,Maize,2018,74697,319274
Region_I,Maize,2018,79504,77367
Region_I,Maize,2018,63674,588024
Region_I,Maize,2018,49469,467795
Region_I,Maize,2019,102679,667557
Region_I,Maize,2019,98327,460567
Region_I,Maize,2019,88972,567385
Region_I,Maize,2019,99973,775365
Region_I,Maize,2019,117665,664864
Region_I,Maize,2019,16409,676015
Region_I,Maize,2019,165213,780147
Region_I,Maize,2019,82109,787658
Region_I,Maize,2019,30585,592616
Region_I,Maize,2019,106826,343409
Region_I,Maize,2020,64050,242163
Region_I,Maize,2020,108553,711795
Region_I,Maize,2020,137409,895985
Region_I,Maize,2020,142055,307992
Region_I,Maize,2020,109292,521751
Region_I,Maize,2020,172309,538591
Region_I,Maize,2020,17107,855676
Region_I,Maize,2020,141669,125915
Region_I,Maize,2020,100475,536320
Region_I,Maize,2020,500,259376
Region_I,Maize,2021,122015,443447
Region_I,Maize,2021,16233,650506
Region_I,Maize,2021,143696,511527
Region_I,Maize,2021,131182,667826
Region_I,Maize,2021,85406,377745
Region_I,Maize,2021,144175,753004
Region_I,Maize,2021,143491,987750
Region_I,Maize,2021,164938,101959
Region_I,Maize,2021,79357,363889
Region_I,Maize,2021,98028,487325
Region_I,Maize,2022,127938,376999
Region_I,Maize,2022,49886,871163
Region_I,Maize,2022,70252,487994
Region_I,Maize,2022,74625,465227
Region_I,Maize,2022,168800,877541
Region_I,Maize,2022,96754,243838
Region_I,Maize,2022,26642,433518
Region_I,Maize,2022,144949,877073
Region_I,Maize,2022,106256,502694
Region_I,Maize,2022,86831,541267
Region_J,Wheat,2018,126468,151537
Region_J,Wheat,2018,186174,343851
Region_J,Wheat,2018,175490,816195
Region_J,Wheat,2018,215985,797747
Region_J,Wheat,2018,131316,597604
Region_J,Wheat,2018,155332,51987
Region_J,Wheat,2018,169436,524039
Region_J,Wheat,2018,122273,356675
Region_J,Wheat,2018,157112,183276
Region_J,Wheat,2018,160723,163431
Region_J,Wheat,2019,173592,842223
Region_J,Wheat,2019,162323,623744
Region_J,Wheat,2019,274007,108429
Region_J,Wheat,2019,215380,752229
Region_J,Wheat,2019,135671,670711
Region_J,Wheat,2019,132143,308866
Region_J,Wheat,2019,196430,179114
Region_J,Wheat,2019,226662,742916
Region_J,Wheat,2019,154074,254814
Region_J,Wheat,2019,135304,867930
Region_J,Wheat,2020,236326,710810
Region_J,Wheat,2020,245896,989525
Region_J,Wheat,2020,236646,843685
Region_J,Wheat,2020,191676,296583
Region_J,Wheat,2020,123500,73919
Region_J,Wheat,2020,252575,73257
Region_J,Wheat,2020,70345,612927
Region_J,Wheat,2020,206249,609274
Region_J,Wheat,2020,278580,794789
Region_J,Wheat,2020,253788,166157
Region_J,Wheat,2021,276495,564624
Region_J,Wheat,2021,227750,470630
Region_J,Wheat,2021,177945,659476
Region_J,Wheat,2021,176550,502789
Region_J,Wheat,2021,213071,531344
Region_J,Wheat,2021,117491,527696
Region_J,Wheat,2021,152124,977985
Region_J,Wheat,2021,124558,149959
Region_J,Wheat,2021,158134,852985
Region_J,Wheat,2021,183387,391144
Region_J,Wheat,2022,268715,519440
Region_J,Wheat,2022,148194,287388
Region_J,Wheat,2022,111367,303896
Region_J,Wheat,2022,221160,248653
Region_J,Wheat,2022,202452,79523
Region_J,Wheat,2022,216679,826953
Region_J,Wheat,2022,184977,834312
Region_J,Wheat,2022,187010,883967
Region_J,Wheat,2022,264147,858759
Region_J,Wheat,2022,188049,90795
Region_J,Rice,2018,45163,129231
Region_J,Rice,2018,164796,289562
Region_J,Rice,2018,169575,564823
Region_J,Rice,2018,187668,123474
Region_J,Rice,2018,117225,76582
Region_J,Rice,2018,173826,433635
Region_J,Rice,2018,184875,990647
Region_J,Rice,2018,146997,261512
Region_J,Rice,2018,222857,268594
Region_J,Rice,2018,208291,277016
Region_J,Rice,2019,170678,760903
Region_J,Rice,2019,163850,741878
Region_J,Rice,2019,150006,591652
Region_J,Rice,2019,145485,801085
Region_J,Rice,2019,153332,409756
Region_J,Rice,2019,192214,829998
Region_J,Rice,2019,226600,109765
Region_J,Rice,2019,142841,578225
Region_J,Rice,2019,199223,684325
Region_J,Rice,2019,177889,1000000
Region_J,Rice,2020,186531,678814
Region_J,Rice,2020,248217,407771
Region_J,Rice,2020,148800,291278
Region_J,Rice,2020,195134,210066
Region_J,Rice,2020,182413,311434
Region_J,Rice,2020,170838,812468
Region_J,Rice,2020,123062,911879
Region_J,Rice,2020,211812,81944
Region_J,Rice,2020,265477,798801
Region_J,Rice,2020,199158,746797
Region_J,Rice,2021,124769,679605
Region_J,Rice,2021,237661,902586
Region_J,Rice,2021,284662,491612
Region_J,Rice,2021,141327,664427
Region_J,Rice,2021,105275,378017
Region_J,Rice,2021,300000,743261
Region_J,Rice,2021,244790,243838
Region_J,Rice,2021,274260,484225
Region_J,Rice,2021,173100,244833
Region_J,Rice,2021,184378,199290
Region_J,Rice,2022,115148,805635
Region_J,Rice,2022,142778,604993
Region_J,Rice,2022,277012,885437
Region_J,Rice,2022,225659,662095
Region_J,Rice,2022,300000,825897
Region_J,Rice,2022,154889,781692
Region_J,Rice,2022,216266,977150
Region_J,Rice,2022,212814,297673
Region_J,Rice,2022,196403,627311
Region_J,Rice,2022,203270,261110
Region_J,Maize,2018,133436,164017
Region_J,Maize,2018,169509,984372
Region_J,Maize,2018,190997,233279
Region_J,Maize,2018,184232,797595
Region_J,Maize,2018,252186,292594
Region_J,Maize,2018,147115,508669
Region_J,Maize,2018,79643,687234
Region_J,Maize,2018,56338,203464
Region_J,Maize,2018,154018,372773
Region_J,Maize,2018,195791,396921
Region_J,Maize,2019,34871,688056
Region_J,Maize,2019,112576,750641
Region_J,Maize,2019,122333,280708
Region_J,Maize,2019,146074,710050
Region_J,Maize,2019,196829,54319
Region_J,Maize,2019,155822,987089
Region_J,Maize,2019,90648,739371
Region_J,Maize,2019,168368,654689
Region_J,Maize,2019,107556,68282
Region_J,Maize,2019,198605,676446
Region_J,Maize,2020,166367,491431
Region_J,Maize,2020,169479,637635
Region_J,Maize,2020,148550,686039
Region_J,Maize,2020,68566,444649
Region_J,Maize,2020,177364,433141
Region_J,Maize,2020,165609,353750
Region_J,Maize,2020,83646,127260
Region_J,Maize,2020,160332,311263
Region_J,Maize,2020,224069,395578
Region_J,Maize,2020,131828,327050
Region_J,Maize,2021,71090,273524
Region_J,Maize,2021,121445,161366
Region_J,Maize,2021,123886,77162
Region_J,Maize,2021,220439,762916
Region_J,Maize,2021,264916,592813
Region_J,Maize,2021,158575,290334
Region_J,Maize,2021,126750,158835
Region_J,Maize,2021,126404,997508
Region_J,Maize,2021,125739,946257
Region_J,Maize,2021,153499,243462
Region_J,Maize,2022,133165,306444
Region_J,Maize,2022,170495,176205
Region_J,Maize,2022,268047,886050
Region_J,Maize,2022,102741,616385
Region_J,Maize,2022,127429,998283
Region_J,Maize,2022,222996,987235
Region_J,Maize,2022,259796,473733
Region_J,Maize,2022,114465,774653
Region_J,Maize,2022,244007,977676
Region_J,Maize,2022,140132,569149
